,sentence,rhetoric
"The sun shone brightly over the meadow, filling me with joy and contentment."" (Joyful tone)",Tone,Tone
"Even in the face of adversity, she maintained an unwavering sense of determination."" (Resilient tone)",Tone,Tone
"His words dripped with sarcasm, leaving a bitter taste in my mouth."" (Sarcastic tone)",Tone,Tone
"The winds howled relentlessly, signaling an impending storm."" (Foreboding tone)",Tone,Tone
"Her voice was gentle and soothing, like a mother's lullaby."" (Calm tone)",Tone,Tone
"The inferno engulfed the city, leaving behind a trail of destruction and devastation."" (Devastating tone)",Tone,Tone
"With a twinkle in his eye and a mischievous grin, he revealed his clever plan."" (Playful tone)",Tone,Tone
"The sound of waves crashing against the shore filled my soul with peace and tranquility."" (Serene tone)",Tone,Tone
"With a heavy heart, she bid farewell to her beloved homeland."" (Melancholic tone)",Tone,Tone
"His words were sharp and cutting, leaving me feeling wounded and betrayed."" (Hurtful tone)",Tone,Tone
"The sun was shining, the birds were chirping, and a smile spread across her face as she welcomed the new day with enthusiasm."" (Joyful tone)",Tone,Tone
"I can't believe it's already Monday again. Another week of deadlines and stress awaits."" (Discouraged tone)",Tone,Tone
"The ocean was calm and the sky was a shade of blue that seemed magical. It was the perfect day for a picnic on the beach."" (Serene tone)",Tone,Tone
"His words cut through her like a knife, leaving her feeling shattered and alone."" (Angry and hurt tone)",Tone,Tone
"The leaves were still green, but there was a chill in the air that hinted at the upcoming change of seasons."" (Mysterious tone)",Tone,Tone
"She spoke with a refined accent and eloquent language, portraying herself as a woman of high society."" (Sophisticated tone)",Tone,Tone
"The movie ended with a heart-wrenching scene, leaving the entire audience in tears."" (Emotional tone)",Tone,Tone
"The dark clouds rolled in, accompanied by the distant rumble of thunder. It was the perfect setting for a horror movie."" (Foreboding tone)",Tone,Tone
"His words were carefully chosen, laced with hidden threats and a menacing tone."" (Threatening tone)",Tone,Tone
"The streets were filled with laughter, a bustling city full of life and energy."" (Lively tone)",Tone,Tone
,Tone,Tone
"Injustice anywhere is a threat to justice everywhere."" - Reflective and serious tone",Tone,Tone
"I can't believe they're still not taking action on climate change."" - Frustrated and urgent tone",Tone,Tone
"Awww, the puppy's wagging its tail excitedly!"" - Playful and happy tone",Tone,Tone
"The sky was dark and stormy, reflecting the character's feelings of fear and foreboding."" - Descriptive and ominous tone",Tone,Tone
"What a spectacular view, I could just sit here forever and take in the beauty."" - Appreciative and peaceful tone",Tone,Tone
"Don't forget to take out the trash, like I asked you to do."" - Authoritative and annoyed tone",Tone,Tone
"As she gracefully danced across the stage, it was clear that she was in her element."" - Admiring and awestruck tone",Tone,Tone
"Why did you make such a careless mistake?"" - Accusatory and scolding tone",Tone,Tone
"As the sun set behind the mountains, the warm glow enveloped the town, creating a sense of tranquility."" - Serene and calm tone",Tone,Tone
"The news of her passing left a void in our hearts that can never be filled."" - Heartbroken and mournful tone",Tone,Tone
The joyful tone of the children's laughter filled the playground with warmth and happiness.,Tone,Tone
"As she read her speech, her passionate tone ignited a fire within her audience.",Tone,Tone
His sarcastic tone conveyed his clear disapproval of the situation.,Tone,Tone
The somber and melancholy tone of the poem mirrored the sadness in the author's heart.,Tone,Tone
The stern tone in the teacher's voice warned the students to pay attention.,Tone,Tone
Her breathless tone showed her excitement as she recounted her thrilling experience.,Tone,Tone
"With a hint of nostalgia in his tone, he spoke of the good old days of his youth.",Tone,Tone
"The cheerful and upbeat tone of the music echoed through the streets, brightening everyone's mood.",Tone,Tone
The harsh and aggressive tone of the coach's pep talk motivated the team to give it their all.,Tone,Tone
"In a hushed and eerie tone, the ghostly figure whispered, ""I am always watching.",Tone,Tone
"So let us begin anew, remembering on both sides that civility is not a sign of weakness. - This sentence uses a tone of determination and strength to encourage civil discourse.",Tone,Tone
"I couldn't believe the beauty before me, my heart swelled with joy. - This sentence evokes a tone of happiness and wonder.",Tone,Tone
"Come on, just try it! Don't be scared, you've got this. - This sentence uses a motivating and encouraging tone to persuade someone to take a chance.",Tone,Tone
"The sun set slowly, casting a warm glow over the landscape. - This sentence creates a peaceful and serene tone.",Tone,Tone
"As the storm raged on, fear gripped my heart, wondering if we would make it through the night. - This sentence conveys a sense of fear and tension.",Tone,Tone
"With a twinkle in her eye and a smile on her lips, she leaned in to tell him a secret. - This sentence has a flirty and playful tone.",Tone,Tone
"The harsh winds whipped through the deserted streets, leaving a feeling of desolation and loneliness in their wake. - This sentence establishes a mood of solitude and despair.",Tone,Tone
"The smell of freshly baked bread wafted through the air, filling me with a sense of nostalgia and comfort. - This sentence utilizes a nostalgic and cozy tone.",Tone,Tone
"Don't even think about it, you know the consequences if you do. - This sentence uses a threatening and authoritarian tone.",Tone,Tone
"The audience erupted into applause, showing their appreciation for the powerful performance. - This sentence evokes a tone of admiration and awe.",Tone,Tone
"Her voice was sharp and accusatory, filled with a bitter resentment.",Tone,Tone
"The author's tone was light and humorous, making the tense situation more bearable.",Tone,Tone
"The politician's tone was confident and persuasive, convincing the crowd of his platform.",Tone,Tone
"As the storm approached, the narrator's tone became increasingly anxious, mirroring the characters' fear.",Tone,Tone
"The teacher's tone was firm and authoritative, commanding respect from the students.",Tone,Tone
"Through their use of dark imagery and sinister language, the writer's tone suggested a looming sense of danger.",Tone,Tone
"The speaker's tone was mournful, as they recounted the tragic events of the past year.",Tone,Tone
"The dialogue between the lovers took on a teasing and flirtatious tone, revealing their playful relationship.",Tone,Tone
"With a mocking tone, the comedian poked fun at societal norms and expectations.",Tone,Tone
"The letter was filled with a warm and nostalgic tone, evoking memories of a simpler time.",Tone,Tone
"Don't forget to turn off your phone before bed."" (Authoritarian tone)",Tone,Tone
"The gentle breeze, the warm sun, it was the perfect day for a picnic."" (Peaceful tone)",Tone,Tone
"I don't want to talk about it."" (Defensive tone)",Tone,Tone
"The dark clouds loomed over the horizon, threatening to unleash their stormy wrath."" (Tense tone)",Tone,Tone
"Wow, what a beautiful painting. The colors are so vibrant and captivating."" (Admiring tone)",Tone,Tone
"I can't believe you did that. You always know how to make everyone laugh."" (Playful tone)",Tone,Tone
"The sound of the waves crashing against the shore was a soothing melody to my ears."" (Relaxed tone)",Tone,Tone
"We're all in this together, we'll get through it."" (Supportive tone)",Tone,Tone
"The room was filled with a sense of unease and tension, making it hard to breathe."" (Anxious tone)",Tone,Tone
"Love is patient, love is kind."" (Sentimental tone)",Tone,Tone
"Sarcastic: ""Oh sure, I love waking up at 6 AM on a Saturday. It's my favorite thing to do.",Tone,Tone
"Excited: ""I can't wait to see your new artwork, I just know it's going to be amazing!",Tone,Tone
"Serious: ""We need to address the issue of climate change before it's too late.",Tone,Tone
"Anxious: ""I hope I don't mess up this presentation, it's crucial for my grade.",Tone,Tone
"Humorous: ""Why did the tomato turn red? Because it saw the salad dressing!",Tone,Tone
"Melancholic: ""As I gazed at the sunset, a feeling of longing and sadness washed over me.",Tone,Tone
"Empathetic: ""I understand how you feel, losing a pet can be heartbreaking.",Tone,Tone
"Authoritative: ""I demand that you leave this room immediately.",Tone,Tone
"Hopeful: ""I know things are tough right now, but I truly believe that things will get better.",Tone,Tone
"Suspicious: ""Something doesn't seem right. I think we should investigate further.",Tone,Tone
"The sun poured down relentlessly, scorching the earth and causing the leaves to wilt in despair."" (Desperate tone)",Tone,Tone
"Her voice was like honey, smooth and sweet, as she spoke of love and its endless possibilities."" (Romantic tone)",Tone,Tone
"His words were laced with sarcasm, slicing through the tension like a knife."" (Sarcastic tone)",Tone,Tone
"The birds chirped joyfully as they danced in the warm summer air, reveling in the freedom of flight."" (Joyful tone)",Tone,Tone
"The wind howled through the trees, a mournful cry echoing in the darkness."" (Melancholy tone)",Tone,Tone
"His fiery anger blazed through his words, scorching all who dared to stand in his way."" (Angry tone)",Tone,Tone
"The scent of fresh flowers filled the air, a soothing reminder of the beauty in the world."" (Peaceful tone)",Tone,Tone
"Her sharp wit and clever words left her opponents speechless, unable to form a proper rebuttal."" (Clever tone)",Tone,Tone
"The ocean waves crashed against the shore, a constant reminder of the ever-changing tide."" (Humbling tone)",Tone,Tone
"The eerie silence of the abandoned house sent shivers down his spine, as if a ghost was lurking in every corner."" (Creepy tone)",Tone,Tone
"Sarcastic: ""Oh yeah, because jumping out of a plane with a parachute is the most relaxing thing I can think of.",Tone,Tone
"Euphoric: ""The sun was shining and the birds were singing, it was the perfect day.",Tone,Tone
"Melancholic: ""The gray clouds hung low in the sky, casting a gloomy shadow over the town.",Tone,Tone
"Humorous: ""I'm not saying I'm a superhero, but have you ever seen me and Batman in the same room before?",Tone,Tone
"Nostalgic: ""Reminiscing about the good old days always brings a smile to my face.",Tone,Tone
"Ironic: ""Because what we really need in this situation is more chaos.",Tone,Tone
"Reverent: ""The sun set over the mountains, painting the sky with hues of gold and orange, a breathtaking sight to behold.",Tone,Tone
"Cynical: ""Of course the government is looking out for our best interests, just like a fox looks out for chickens in a henhouse.",Tone,Tone
"Commanding: ""You will complete this task by the end of the day, no excuses.",Tone,Tone
"Hopeful: ""Though times may be tough, I believe that brighter days are on the horizon.",Tone,Tone
"You must be the change you wish to see in the world."" - Confident and inspirational tone",Tone,Tone
"I cannot stop the rain, but I will keep you dry when it falls."" - Caring and protective tone",Tone,Tone
"I am not a product of my circumstances. I am a product of my decisions."" - Determined and empowered tone",Tone,Tone
"The darkness and light are equally terrifying, for they both reveal truths we may not want to see."" - Mysterious and ominous tone",Tone,Tone
"Do not go gentle into that good night, rage against the dying of the light."" - Defiant and passionate tone",Tone,Tone
"The sharp, piercing wind left us shivering in its wake."" - Cold and harsh tone",Tone,Tone
"Her smile was like a ray of sunshine on a cloudy day."" - Warm and cheerful tone",Tone,Tone
"The haunted bells tolled in the distance, creating a sense of foreboding in the air."" - Eerie and ominous tone",Tone,Tone
"The waves crashed against the shore, a constant reminder of the uncontrollable power of the ocean."" - Reflective and contemplative tone",Tone,Tone
"He spoke with an air of intelligence and sophistication, leaving us all in awe of his knowledge."" - Arrogant and condescending tone",Tone,Tone
"His words dripped with condescension, making it clear that he saw himself as superior to everyone else in the room.",Tone,Tone
"The author's somber tone conveys the gravity of the situation, highlighting the seriousness of the character's actions.",Tone,Tone
"Her tone was filled with venom, her words laced with anger and hatred towards her enemies.",Tone,Tone
"The comedian's sarcastic tone provided a humorous edge to his stand-up routine, making the audience roar with laughter.",Tone,Tone
"The author's use of a melancholic tone evokes a sense of sadness and nostalgia in the reader, transporting them to the wintery landscape described in the novel.",Tone,Tone
"The politician's persuasive tone convinced the voters to support his campaign, promising a better future for all.",Tone,Tone
"The coach's firm tone conveyed his disappointment, making it clear that he expected better performance from his team.",Tone,Tone
Her flirtatious tone and playful smile hinted at her romantic interest in him.,Tone,Tone
"The professor's didactic tone made it evident that he was imparting important knowledge to his students, urging them to take it to heart.",Tone,Tone
"The author's ironic tone and clever wordplay added a layer of humor to the passage, revealing the absurdity of the situation.",Tone,Tone
"Sarcastic Tone: ""Oh great, just what I needed, another assignment due tomorrow.",Tone,Tone
"Sympathetic Tone: ""I'm sorry to hear about your loss, please let me know if there is anything I can do to help.",Tone,Tone
"Authoritative Tone: ""I demand that you hand in your report by the end of the day.",Tone,Tone
"Playful Tone: ""Come on, don't be a party pooper, let's go have some fun!",Tone,Tone
"Soothing Tone: ""Take a deep breath and try to relax, everything will be okay.",Tone,Tone
"Melancholic Tone: ""She stood in the rain, watching as it washed away all her hopes and dreams.",Tone,Tone
"Excited Tone: ""I can't wait to finally see my favorite band perform live!",Tone,Tone
"Condescending Tone: ""Oh, how adorable, you think you actually have a chance of winning this competition.",Tone,Tone
"Empathetic Tone: ""I understand what you're going through, I've been in a similar situation before.",Tone,Tone
"Angry Tone: ""I've had enough of your lies, tell me the truth right now!",Tone,Tone
"The sun was shining brightly, reflecting off the sparkling water, creating a serene and peaceful atmosphere."" - This sentence evokes a calming and peaceful tone.",Tone,Tone
"I will not go down without a fight! I will push through and come out victorious!"" - This sentence conveys a determined and bold tone.",Tone,Tone
"The darkness consumed the city, leaving it in a state of fear and uncertainty."" - This sentence sets a tone of foreboding and tension.",Tone,Tone
"She spoke softly, her words like a soothing balm that eased the pain in my heart."" - This sentence creates a gentle and comforting tone.",Tone,Tone
"His voice boomed through the hall, commanding attention and instilling fear in all who heard it."" - This sentence uses a forceful and intimidating tone.",Tone,Tone
"The laughter of children echoed through the air, imbuing the world with a sense of pure joy and innocence."" - This sentence exudes a joyful and carefree tone.",Tone,Tone
"The thick fog hung over the city, muffling all sound and creating an eerie and haunting atmosphere."" - This sentence evokes a mysterious and spooky tone.",Tone,Tone
"With every note she played, emotions welled up inside of me, threatening to spill over."" - This sentence conveys a heartfelt and emotional tone.",Tone,Tone
"The crowd erupted in cheers and applause, fulfilling the performer's need for validation and validation."" - This sentence uses a celebratory and enthusiastic tone.",Tone,Tone
"The words tumbled out of her mouth, each one sharp and piercing, leaving me feeling attacked and hurt."" - This sentence sets a tone of aggression and hostility.",Tone,Tone
"Sarcastic: ""Oh sure, let's just all ignore the giant elephant in the room.",Tone,Tone
"Optimistic: ""I believe that the future is bright and full of endless possibilities.",Tone,Tone
"Melancholic: ""The rain beat down on the roof, a melancholy rhythm that reminded him of his lonely heart.",Tone,Tone
"Humorous: ""I don't care what people say, I'll always rock these ugly Christmas sweaters.",Tone,Tone
"Angry: ""I am sick and tired of being treated like I don't matter!",Tone,Tone
"Nostalgic: ""As I walked through the old neighborhood, memories flooded my mind and I couldn't help but smile.",Tone,Tone
"Persuasive: ""This new product will change your life for the better. Don't miss out on this opportunity.",Tone,Tone
"Suspenseful: ""She crept down the dark hallway, her heart pounding as she heard strange noises coming from the room at the end.",Tone,Tone
"Confident: ""I know I can do this. I am prepared and ready to give it my all.",Tone,Tone
"Euphoric: ""The sun was shining, the birds were singing, and I couldn't help but feel an overwhelming sense of joy and contentment.",Tone,Tone
"The darkness swirled around her, creeping in like a thick fog and suffocating any semblance of hope - a tone of despair and anguish.",Tone,Tone
He spoke with such conviction and confidence that it was impossible not to feel inspired - a tone of passion and motivation.,Tone,Tone
"The playful banter between friends lit up the room with laughter, creating a warm and lighthearted tone.",Tone,Tone
"The icy wind whipped against her skin, a constant reminder of the cold and unforgiving world - a tone of harshness and bitterness.",Tone,Tone
Her voice trembled with fear as she recounted the terrifying encounter - a tone of terror and vulnerability.,Tone,Tone
"The crisp autumn air filled their lungs, bringing a sense of peace and tranquility - a tone of calmness and serenity.",Tone,Tone
"He spoke with such disdain and contempt, his words dripping with disgust - a tone of scorn and judgment.",Tone,Tone
"With a sly wink and a playful grin, she lured him into her trap - a tone of seduction and charm.",Tone,Tone
"The intense and heated argument filled the room, a tone of anger and frustration rising with each word.",Tone,Tone
"Her words were like a warm embrace, enveloping her readers in a sense of comfort and understanding - a tone of empathy and warmth.",Tone,Tone
"The menacing growls filled the cave, creating a tense and foreboding atmosphere.",Tone,Tone
"With a joyful laugh, she skipped through the garden, her carefree tone mirroring the beauty of the flowers.",Tone,Tone
"His sarcastic tone was evident in every word he spoke, causing many to feel offended.",Tone,Tone
The somber tone of the funeral ceremony reflected the deep sadness and loss felt by all who attended.,Tone,Tone
The politician's confident and persuasive tone convinced the crowd to support his campaign.,Tone,Tone
The author's hopeful tone in his novel inspired readers to believe in the power of love and resilience.,Tone,Tone
The harsh and demanding tone of her boss made the employees fear asking for time off.,Tone,Tone
Her gentle and soothing tone as she sang her lullaby calmed the crying baby.,Tone,Tone
The eerie and mysterious tone of the movie kept the audience on the edge of their seats.,Tone,Tone
"The angry, accusatory tone in her voice signaled the end of their relationship.",Tone,Tone
"Sarcastic Tone - ""Oh, sure, because going to the mall on Black Friday is the epitome of relaxation and stress-free shopping.",Tone,Tone
"Serious Tone - ""The consequences of global warming are dire and demand immediate action.",Tone,Tone
"Humorous Tone - ""I'm pretty sure my dog is a better referee than the one at last night's game.",Tone,Tone
"Suspenseful Tone - ""As he reached for the door handle, he couldn't shake the feeling that he was being watched.",Tone,Tone
"Descriptive Tone - ""The sun slowly set behind the mountains, casting a warm amber glow over the valley.",Tone,Tone
"Melancholic Tone - ""The old man sat alone on the bench, lost in memories of a time long gone.",Tone,Tone
"Optimistic Tone - ""Although times may be tough, I have faith that things will get better.",Tone,Tone
"Sarcastic Tone - ""Of course my laptop had to die on the day I have three essays due, why wouldn't it?",Tone,Tone
"Playful Tone - ""Welcome to my humble abode, also known as the lair of my beloved cat who rules this domain.",Tone,Tone
"Empathetic Tone - ""I understand how difficult this must be for you, but I will do everything in my power to help you through this.",Tone,Tone
"The flowers bloomed, their colors vibrant and cheerful, bringing a sense of joy and hope to the bleak landscape."" (Cheerful tone)",Tone,Tone
"The news of his passing was met with an atmosphere of gloom and sorrow, as the community mourned the loss of a beloved figure."" (Sorrowful tone)",Tone,Tone
"With a sly smile and a twinkle in his eye, the magician dazzled the audience with his clever tricks."" (Playful tone)",Tone,Tone
"The darkness enveloped her, casting a sense of fear and uncertainty in her heart."" (Foreboding tone)",Tone,Tone
"Her words were like honey, soothing and sweet, as she comforted her distraught friend."" (Compassionate tone)",Tone,Tone
"The eerie silence hung in the air, broken only by the occasional gust of wind, creating a sense of unease in the abandoned house."" (Creepy tone)",Tone,Tone
"The dinner party was a lively affair, with laughter and chatter filling the room, reflecting the warm and welcoming nature of the hosts."" (Warm and welcoming tone)",Tone,Tone
"As the waves crashed against the shore, the seagulls cried out, creating a peaceful and idyllic scene."" (Serene tone)",Tone,Tone
"The fiery debate raged on, with each side passionately defending their beliefs, creating a tense and combative atmosphere."" (Aggressive tone)",Tone,Tone
"The professor's voice was stern and authoritative, demanding attention and respect from his students."" (Authoritative tone)",Tone,Tone
"Sarcastic Tone: ""Oh great, another meeting about meetings.",Tone,Tone
"Condescending Tone: ""Well, isn't that just precious.",Tone,Tone
"Satirical Tone: ""Because nothing says 'I love you' like a store-bought bouquet.",Tone,Tone
"Humorous Tone: ""I don't think my plants like me, they keep wilting every time I walk by.",Tone,Tone
"Euphoric Tone: ""I couldn't stop smiling, it felt like I was floating on cloud nine.",Tone,Tone
"Melancholic Tone: ""The world seemed grey and lifeless without her by my side.",Tone,Tone
"Hopeful Tone: ""Even though the odds were against us, I knew we could make it through.",Tone,Tone
"Dramatic Tone: ""The thunder rumbled, the lightning cracked, and the storm raged on.",Tone,Tone
"Nostalgic Tone: ""As I walked through my childhood neighborhood, memories flooded back like a bittersweet wave.",Tone,Tone
"Contemplative Tone: ""As I looked up at the starry sky, I couldn't help but wonder about the meaning of life.",Tone,Tone
The somber and melancholic tone of the poem conveys the speaker's deep sadness and sense of loss.,Tone,Tone
The sarcastic and biting tone of the character's dialogue highlights their cynical attitude towards the world.,Tone,Tone
The cheerful and lighthearted tone of the story reflects the playful and carefree nature of the main character.,Tone,Tone
The urgent and desperate tone of the news report adds a sense of urgency to the serious situation.,Tone,Tone
The soothing and comforting tone of the mother's voice reassures her child and calms their fears.,Tone,Tone
The authoritative and assertive tone of the speech commands the audience's attention and respect.,Tone,Tone
The nostalgic and bittersweet tone of the music brings back memories and stirs up deep emotions.,Tone,Tone
The condescending and dismissive tone of the boss belittles and undermines the employee's ideas.,Tone,Tone
The ominous and foreboding tone of the novel foreshadows the dark events that will unfold.,Tone,Tone
The affectionate and loving tone of the letter expresses the writer's deep feelings for their recipient.,Tone,Tone
"The soft tinkling of the piano keys echoed through the room, creating a melancholy tone that perfectly captured the pain in the singer's heart.",Tone,Tone
"Her words were sharp and biting, revealing a tone of anger and resentment towards her ex-boyfriend.",Tone,Tone
"The bright colors and playful font in the advertisement gave off a cheerful tone, enticing customers to try the new product.",Tone,Tone
The professor's stern and serious tone during the lecture made it clear that she expected her students to pay attention and take the subject seriously.,Tone,Tone
"As she described the sunset, her tone shifted to one of awe and wonder, reflecting the beauty of the natural world.",Tone,Tone
"The high-pitched screeching of the alarm created a sense of urgency and panic, setting a tense tone for the scene.",Tone,Tone
"His sarcastic tone was evident as he delivered the punchline to his joke, causing the audience to erupt in laughter.",Tone,Tone
"The author's choice of words created a nostalgic tone, transporting readers back in time to a simpler era.",Tone,Tone
The somber tone of the funeral service brought tears to everyone's eyes as they mourned the loss of a loved one.,Tone,Tone
The politician's confident and charismatic tone during the speech persuaded the audience to support his campaign.,Tone,Tone
"Her voice was dripping with sarcasm as she said, 'Oh, I'm so excited to spend the weekend with your family.'",Tone,Tone
"With a hint of caution in his tone, the teacher warned the students to be careful during the experiment.",Tone,Tone
"In a solemn tone, the pastor delivered the eulogy for the fallen soldiers.",Tone,Tone
"Despite the bad news, he spoke in an optimistic tone, assuring us that everything would work out in the end.",Tone,Tone
"As the young couple said their vows, their voices were filled with love and devotion.",Tone,Tone
His tone was authoritative as he commanded the soldiers to stand at attention.,Tone,Tone
"Loud and impatient, her tone immediately told me she was not a person to be kept waiting.",Tone,Tone
The guest speaker's tone was passionate as she spoke about the importance of taking action against climate change.,Tone,Tone
"With a light and playful tone, the comedian had the audience laughing throughout the entire show.",Tone,Tone
"In a cheerful and upbeat tone, the radio host announced the start of a new day.",Tone,Tone
"Sarcastic: ""Oh sure, I'll just drop everything and focus on your problems because they are obviously more important than my own.",Tone,Tone
"Humorous: ""I'm not saying I have a messy room, but my dirty laundry is starting to grow its own ecosystem.",Tone,Tone
"Melancholic: ""The rain fell in a steady rhythm, soaking the ground with each drop, mimicking the sadness in my heart.",Tone,Tone
"Romantic: ""Her eyes were like two pools of liquid gold, reflecting the love and devotion she felt for him.",Tone,Tone
"Encouraging: ""You are capable of achieving anything you set your mind to. Believe in yourself and never give up.",Tone,Tone
"Suspenseful: ""As he crept down the dark hallway, he couldn't shake the feeling that he was being watched, his heart pounding in his chest.",Tone,Tone
"Angry: ""I am sick and tired of your constant excuses. Either get your act together or get out of my life.",Tone,Tone
"Nostalgic: ""As I looked through old photo albums, I couldn't help but remember the good times we shared in this very room.",Tone,Tone
"Whimsical: ""In a world where pigs could fly and trees could walk, anything was possible.",Tone,Tone
"Empathetic: ""I know how hard it is to lose someone you love. Just know that I am here for you and we will get through this together.",Tone,Tone
"She lifted her chin, gave a pointed look, and said, 'I'm not angry, I'm just disappointed.'"" (conveying a disappointed and scolding tone)",Tone,Tone
"As the sun set over the horizon, the vibrant colors painted the sky in a peaceful and serene tone."" (creating a calm and tranquil tone)",Tone,Tone
"The soldiers marched with determination and pride, ready to defend their country with every ounce of strength they had."" (evoking a patriotic and determined tone)",Tone,Tone
"He laughed so hard that tears streamed down his face and he had to gasp for air."" (reflecting a jovial and lighthearted tone)",Tone,Tone
"The storm was fierce and unrelenting, lashing out with wind and rain as if in a fit of rage."" (establishing a tumultuous and angry tone)",Tone,Tone
"The old man's voice quivered as he recounted the painful memories of the war."" (conveying a sorrowful and emotional tone)",Tone,Tone
"She spoke in hushed tones, careful not to disturb the sleeping baby in her arms."" (creating a quiet and gentle tone)",Tone,Tone
"His words cut like knives, leaving a trail of hurt and tears in their wake."" (evoking a harsh and cruel tone)",Tone,Tone
"The music swelled and filled the room, igniting a sense of hope and courage in all who listened."" (conveying an uplifting and inspiring tone)",Tone,Tone
"She glided across the dance floor with grace and elegance, captivating the audience with each fluid movement."" (establishing a sophisticated and refined tone)",Tone,Tone
"The city was a dark and desolate wasteland, the once busy streets now eerily silent."" (somber)",Tone,Tone
"Go ahead, make my day."" (threatening)",Tone,Tone
"His voice was like a gentle melody, soothing and comforting."" (peaceful)",Tone,Tone
"You are the sunshine on a cloudy day."" (joyful)",Tone,Tone
"The spider crept closer and closer, its tiny legs tapping on the windowpane."" (creepy)",Tone,Tone
"She spoke through clenched teeth, her anger and frustration evident."" (angry)",Tone,Tone
"The storm raged on, the thunder crashing and the rain pelting against the roof."" (intense)",Tone,Tone
"The cozy fire crackled in the fireplace, warming their chilled bodies."" (cozy)",Tone,Tone
"His words were sharp and cutting, leaving her feeling wounded."" (harsh)",Tone,Tone
"The soft, gentle breeze carried with it the fresh scent of spring."" (calm)",Tone,Tone
The suave and confident tone of his voice had a calming effect on the nervous audience.,Tone,Tone
Her sarcastic tone during the argument only fueled his anger.,Tone,Tone
The author's bitter tone towards society was evident in his scathing critique.,Tone,Tone
The playful tone of the children's book made it a joy to read aloud.,Tone,Tone
The somber tone of the eulogy brought tears to everyone's eyes.,Tone,Tone
Her sarcastic tone and sharp wit always kept me on my toes.,Tone,Tone
The tense and urgent tone of the email signaled the severity of the situation.,Tone,Tone
The hopeful tone of the speech inspired the audience to take action.,Tone,Tone
The condescending tone in his voice made it clear that he felt superior to everyone else.,Tone,Tone
The soothing tone of the meditation audio helped me relax and unwind after a long day.,Tone,Tone
The cheerful and lighthearted tone of the book made me smile and laugh throughout.,Tone,Tone
The somber and melancholic tone of the poem captured the essence of grief and loss.,Tone,Tone
Her commanding and authoritative tone demanded attention from the audience.,Tone,Tone
His sarcastic and ironic tone added a touch of humor to an otherwise serious topic.,Tone,Tone
The passionate and fiery tone of the speech stirred the audience to action.,Tone,Tone
The mysterious and suspenseful tone of the novel kept me on the edge of my seat.,Tone,Tone
Her bitter and resentful tone revealed the depth of her disappointment and anger.,Tone,Tone
The friendly and inviting tone of the email made me feel at ease and welcomed.,Tone,Tone
His apathetic and indifferent tone showed his lack of interest in the conversation.,Tone,Tone
The whimsical and playful tone of the story took me on a journey of imagination and wonder.,Tone,Tone
"Sarcastic tone: ""Oh sure, I love cleaning up after everyone else's mess.",Tone,Tone
"Angry tone: ""I can't believe you did that! How could you be so thoughtless?",Tone,Tone
"Excited tone: ""I can't wait to finally go on vacation! I've been counting down the days for months.",Tone,Tone
"Somber tone: ""The weight of the world seemed to rest upon his shoulders as he walked through the cemetery.",Tone,Tone
"Condescending tone: ""Don't worry, I'll explain it again. Maybe this time you'll actually understand.",Tone,Tone
"Playful tone: ""I dare you to try and beat me at this game. Winner buys the other a milkshake.",Tone,Tone
"Melancholic tone: ""As the rain poured down, she couldn't help but feel a sense of sorrow and longing.",Tone,Tone
"Empathetic tone: ""I know how hard this is for you. Just know that I'm here for you every step of the way.",Tone,Tone
"Humorous tone: ""I'm pretty sure my dog thinks he's the king of the household. He demands treats and belly rubs like a royal.",Tone,Tone
"Intense tone: ""The anticipation was killing her. She couldn't wait any longer to find out the results of the test.",Tone,Tone
"The news of the tragedy was delivered in a somber and mournful tone, leaving the audience in a state of shock.",Tone,Tone
His arrogant and condescending tone made it clear that he thought he was better than everyone else.,Tone,Tone
"With a hint of sarcasm in her tone, she made a joke that lightened the mood in the room.",Tone,Tone
"The speaker's confident and charismatic tone captivated the audience, holding their attention until the very end.",Tone,Tone
The author's use of descriptive and vivid language set a dark and foreboding tone for the novel.,Tone,Tone
"Through his enthusiastic and passionate tone, the motivational speaker inspired the crowd to chase their dreams.",Tone,Tone
Her bitter and resentful tone revealed the deep hurt she had been carrying for years.,Tone,Tone
The politician's calm and composed tone gave the impression of strength and stability during a time of crisis.,Tone,Tone
The teacher's warm and nurturing tone encouraged her students to push themselves and reach their full potential.,Tone,Tone
"The ominous and chilling tone throughout the movie kept the audience on the edge of their seats, anticipating the worst.",Tone,Tone
"It was a dark and stormy night..."" - This sentence sets a suspenseful and ominous tone.",Tone,Tone
"She danced merrily around the room, her laughter infectious."" - This sentence conveys a lighthearted and joyful tone.",Tone,Tone
"He spoke with a sharp tongue, his words cutting through the air like knives."" - This sentence creates a harsh and critical tone.",Tone,Tone
"The city streets were bustling with energy and excitement, a feeling that never seemed to fade."" - This sentence evokes a vibrant and energetic tone.",Tone,Tone
"Quietly, he whispered his deepest fears into the darkness, hoping for some solace."" - This sentence establishes a somber and haunting tone.",Tone,Tone
"Her voice trembled as she recounted her tragic past, the pain still raw after all these years."" - This sentence exhibits a melancholic and emotional tone.",Tone,Tone
"Tears streamed down his cheeks as he read the heartbreaking letter from his lost love."" - This sentence conveys a sorrowful and mournful tone.",Tone,Tone
"The sun shone warmly on their faces, causing them to smile and bask in its gentle embrace."" - This sentence creates a peaceful and uplifting tone.",Tone,Tone
"With a glint in her eye and a smirk on her lips, she confidently strode into the room, ready to conquer the world."" - This sentence establishes a bold and determined tone.",Tone,Tone
"His words were like poetry, weaving together a beautiful tapestry of emotions that left the audience speechless."" - This sentence evokes a poetic and mesmerizing tone.",Tone,Tone
"I cannot believe you let me down again,"" the character said in a disappointed tone.",Tone,Tone
"Let's celebrate!"" he exclaimed, his tone filled with excitement and joy.",Tone,Tone
"In a sarcastic tone, she replied, ""Oh, great, just what I always wanted.",Tone,Tone
"I'm sorry,"" he said in a remorseful tone, ""I didn't mean to hurt you.",Tone,Tone
"Well, isn't that just wonderful,"" she said in a snarky and bitter tone.",Tone,Tone
"In a haunting tone, the song echoed through the empty halls of the abandoned castle.",Tone,Tone
"I'm so proud of you,"" her tone full of warmth and pride, as she hugged her daughter.",Tone,Tone
"The president delivered a rousing speech, his tone inspiring and passionate.",Tone,Tone
"I'm not mad, just disappointed,"" her tone calm yet serious as she scolded her child.",Tone,Tone
"I'm so scared,"" she whispered, her tone trembling with fear as the storm raged outside.",Tone,Tone
"I can't believe you would even consider doing something so thoughtless,"" she scolded in a harsh and disapproving tone.",Tone,Tone
"In a gentle and reassuring tone, he comforted the scared child and calmed her fears.",Tone,Tone
"I am not angry, just disappointed,"" he said in a disappointed and non-confrontational tone.",Tone,Tone
"I am so excited to finally meet you!"" she exclaimed in an enthusiastic and cheerful tone.",Tone,Tone
"In a sarcastic and mocking tone, she remarked, ""Well, that's just great. What could possibly go wrong now?",Tone,Tone
"Please keep it down, some of us are trying to study,"" the librarian reminded them in a stern and authoritative tone.",Tone,Tone
"I don't care what they say, I am going to do it anyways,"" she declared in a determined and defiant tone.",Tone,Tone
"In a somber and melancholic tone, he reflected on the loss of his beloved dog.",Tone,Tone
"I love spending time with you,"" he confessed in an affectionate and adoring tone.",Tone,Tone
"In a matter-of-fact and informative tone, the professor explained the complex theories of quantum physics.",Tone,Tone
"With a heavy heart and tears in her eyes, she proclaimed her love for him.",Tone,Tone
His sarcastic tone only fueled her anger.,Tone,Tone
The peaceful sound of waves crashing against the shore created a calming and tranquil mood.,Tone,Tone
His menacing tone sent shivers down her spine.,Tone,Tone
"As she walked down the abandoned street, a feeling of eerie and unsettling silence surrounded her.",Tone,Tone
"With a hint of excitement in his voice, he eagerly shared his plans for the future.",Tone,Tone
The teacher's stern and authoritative tone silenced the rowdy classroom.,Tone,Tone
"Her words dripped with venom, as she spat insults at her enemy.",Tone,Tone
The beautiful sunset painted the sky in a warm and vibrant tone.,Tone,Tone
His passionate words filled the room with an intense and fiery tone.,Tone,Tone
"With a resolute tone, she declared her defiance against the oppressive system.",Tone,Tone
His sarcastic tone revealed his true feelings about the situation.,Tone,Tone
The author's melancholic tone painted a bleak and somber image of the world.,Tone,Tone
"In a gentle and soothing tone, the therapist reassured her anxious patient.",Tone,Tone
"With a nostalgic tone, she shared memories of her childhood summers spent by the lake.",Tone,Tone
His tone shifted from jovial to serious as he addressed the pressing issue at hand.,Tone,Tone
She couldn't help but feel offended by the condescending tone of his voice.,Tone,Tone
The motivational speaker's passionate tone inspired the audience to believe in themselves.,Tone,Tone
"Using a persuasive tone, the politician convinced the crowd to support his campaign.",Tone,Tone
The suspenseful tone of the novel kept readers on the edge of their seats until the very end.,Tone,Tone
"The clock struck midnight, a gloomy reminder of the time I wasted waiting for you.",Tone,Tone
Her voice was filled with cheerful enthusiasm as she spoke about her ambitions.,Tone,Tone
The raging winds and crashing waves warned of an impending storm.,Tone,Tone
"He spoke with a sarcastic tone, mocking my efforts to please him.",Tone,Tone
The eerie silence of the abandoned house sent shivers down my spine.,Tone,Tone
The warm sun and gentle breeze created a tranquil and peaceful atmosphere.,Tone,Tone
"Her words were laced with bitterness, a reflection of the pain she had experienced.",Tone,Tone
The professor's condescending tone made it clear that he didn't think our ideas were worthy.,Tone,Tone
The children's giggles and playful banter filled the room with a carefree and joyful tone.,Tone,Tone
"His gravelly voice exuded confidence and authority, making it impossible to question his leadership.",Tone,Tone
"Sarcastic Tone: ""Oh sure, because I just love spending my weekends doing taxes instead of having a life.",Tone,Tone
"Empathetic Tone: ""I understand how difficult this must be for you, and I want you to know that I'm here to support you.",Tone,Tone
"Humorous Tone: ""My doctor told me to avoid stress, but I'm pretty sure she also said chocolate cures everything.",Tone,Tone
"Serious Tone: ""The current economic crisis is something that we cannot ignore any longer. We must take action now.",Tone,Tone
"Melancholic Tone: ""The old abandoned house stood as a sad reminder of happier times.",Tone,Tone
"Excited Tone: ""I cannot wait to see all the amazing places we will visit on our trip!",Tone,Tone
"Frustrated Tone: ""I've explained this to you three times already, why can't you understand?",Tone,Tone
"Hopeful Tone: ""Things may be tough right now, but I believe we can overcome this together.",Tone,Tone
"Nostalgic Tone: ""The smell of freshly cut grass always takes me back to my childhood summers.",Tone,Tone
"Condescending Tone: ""I'm sure you did the best you could, but next time, maybe try listening to my advice.",Tone,Tone
"Angry: ""I cannot believe you would betray me like this.",Tone,Tone
"Humorous: ""I'm so broke, my bank account should come with a ‘Low Balance’ warning like a pack of cigarettes.",Tone,Tone
"Sarcastic: ""Oh sure, because that's an excellent idea.",Tone,Tone
"Melancholic: ""The world feels so heavy when you can't find the light.",Tone,Tone
"Confident: ""I know I can handle whatever comes my way.",Tone,Tone
"Playful: ""I'm going to dance like no one's watching, even though I know the whole neighborhood can see me.",Tone,Tone
"Nostalgic: ""I miss the good old days when we could run around and play without a care in the world.",Tone,Tone
"Satirical: ""Please, continue to interrupt me while I'm already speaking. It's not like I had anything important to say.",Tone,Tone
"Hopeful: ""Despite all the challenges, I believe we will come out stronger in the end.",Tone,Tone
"Grandiose: ""My reign will go down in history as the greatest of all time.",Tone,Tone
"My dear, I am so happy to see you. Your presence brings a sunshine to my day."" (Affectionate tone)",Tone,Tone
"I am deeply disappointed in your actions. You have betrayed my trust."" (Stern tone)",Tone,Tone
"The sun was setting, casting a warm glow over the peaceful landscape."" (Serene tone)",Tone,Tone
"The thunder rolled and the winds howled, creating a sense of foreboding in the air."" (Sinister tone)",Tone,Tone
"The audience erupted in laughter as the comedian delivered one hilarious punchline after another."" (Humorous tone)",Tone,Tone
"Her words were like venom, dripping with anger and resentment."" (Bitter tone)",Tone,Tone
"I cannot express the immense gratitude I feel towards everyone who helped make this event a success."" (Grateful tone)",Tone,Tone
"The old man shuffled slowly down the street, his tired eyes reflecting a lifetime of hardship."" (Melancholic tone)",Tone,Tone
"Do not come any closer,"" she warned, her voice laced with fear. (Anxious tone)",Tone,Tone
"The music swelled, igniting a fire within my heart and filling my soul with pure joy."" (Euphoric tone)",Tone,Tone
"Do you really think it's a good idea to wear that to the interview?"" (judgmental tone)",Tone,Tone
"My dear, you look absolutely stunning tonight."" (admiring tone)",Tone,Tone
"I cannot believe you would do something so selfish."" (disapproving tone)",Tone,Tone
"I am so saddened by the loss of our beloved friend."" (melancholic tone)",Tone,Tone
"Your actions have truly disappointed me."" (disheartened tone)",Tone,Tone
"The bright sun warmed my skin and put a smile on my face."" (joyful tone)",Tone,Tone
"Hurry up and finish your chores, we don't have all day."" (impatient tone)",Tone,Tone
"I am completely exhausted after a long day of work."" (weary tone)",Tone,Tone
"I am so grateful for your kind words and support."" (grateful tone)",Tone,Tone
"I am not going to stand here and let you talk to me like that."" (defiant tone)",Tone,Tone
"His tone was cold and detached, indicating a lack of emotion towards the situation.",Tone,Tone
"The speaker's tone was full of anger and frustration, causing the audience to feel tension in the room.",Tone,Tone
"Sarah's words were laced with sarcasm, her tone signaling that she wasn't being serious.",Tone,Tone
The ominous tone of the novel foreshadowed the character's impending downfall.,Tone,Tone
"Through her sullen tone, it was clear that she was upset about something.",Tone,Tone
"The tone of the article was informative yet authoritative, persuading the readers to trust the author's expertise.",Tone,Tone
"With a cheerful and upbeat tone, the comedian had the whole audience laughing throughout the show.",Tone,Tone
The author's tone was contemplative as she reflected on her childhood memories.,Tone,Tone
"The politician's persuasive tone won over the crowd, swaying their opinions on the controversial issue.",Tone,Tone
"The poem had a melancholic tone, evoking a sense of sadness and longing in the reader.",Tone,Tone
"She spoke in a harsh, biting tone as she scolded her children for misbehaving.",Tone,Tone
His words were laced with a sarcastic tone as he mocked his opponent's argument.,Tone,Tone
"The author's writing had a somber tone, conveying the tragic events that occurred in the story.",Tone,Tone
"As she delivered her speech, her tone was filled with confidence and determination.",Tone,Tone
"The coach's instructions had a commanding tone, leaving no room for dissent.",Tone,Tone
"He read the love letter with a tender tone, his voice overflowing with emotion.",Tone,Tone
The politician used a persuasive tone to convince the crowd to vote for him.,Tone,Tone
Her tone was full of disdain as she criticized the fashion choices of her peers.,Tone,Tone
"The poem's tone was full of nostalgia, recalling happier times from the past.",Tone,Tone
"He spoke with a condescending tone, looking down on those who did not share his beliefs.",Tone,Tone
"Exasperated: ""I can't believe I have to redo this project for the third time. It's like my boss doesn't even value my work.",Tone,Tone
"Humorous: ""I'm pretty sure my dog thinks he's the king of the house. He just gave me a look that said 'make me a sandwich'.",Tone,Tone
"Sarcastic: ""Oh great, another meeting. Can't wait to sit in a stuffy room for an hour and listen to people talk in circles.",Tone,Tone
"Dreadful: ""I heard there's a pop quiz in math today. I might as well just drop out now.",Tone,Tone
"Wistful: ""Every time I drive past my old childhood home, I can't help but feel a pang of nostalgia for the simpler days.",Tone,Tone
"Anxious: ""I can't stop shaking. I'm so nervous about this presentation, I feel like I'm going to throw up.",Tone,Tone
"Melancholy: ""The rain pelted against the windows, mirroring the tears that streamed down her cheeks as she read the goodbye letter from her lover.",Tone,Tone
"Agitated: ""I swear, I can't have a peaceful meal without someone bringing up politics. Can we just enjoy our food?",Tone,Tone
"Joyful: ""I can't stop laughing whenever I hang out with my best friend. She's always cracking the funniest jokes.",Tone,Tone
"Thoughtful: ""As I sat on the beach, watching the waves crash against the shore, I couldn't help but contemplate the meaning of life.",Tone,Tone
"The stormy clouds loomed overhead, their dark and ominous presence casting a sense of dread over the small village below."" (Tone: sinister)",Tone,Tone
"Her giggles echoed through the empty hallways, filling them with a sense of joy and playfulness."" (Tone: lively)",Tone,Tone
"The wind whispered secrets through the rustling leaves, creating a peaceful and serene atmosphere in the garden."" (Tone: tranquil)",Tone,Tone
"His words dripped with sarcasm as he delivered yet another snide comment."" (Tone: sarcastic)",Tone,Tone
"She greeted him with a warm and sincere smile, instantly putting him at ease."" (Tone: genuine)",Tone,Tone
"The booming sound of fireworks filled the night sky, creating a sense of excitement and celebration."" (Tone: festive)",Tone,Tone
"The oppressive heat weighed heavily on their shoulders, draining all energy and leaving them feeling lethargic."" (Tone: oppressive)",Tone,Tone
"The small kitten let out a pitiful meow, tugging at their heartstrings with its plaintive tone."" (Tone: poignant)",Tone,Tone
"The steady rhythm of the train's wheels against the tracks lulled her into a peaceful slumber."" (Tone: soothing)",Tone,Tone
"With a stern and authoritative tone, he commanded them to drop their weapons and surrender."" (Tone: commanding)",Tone,Tone
"Her sharp words cut through the room and left everyone feeling uneasy."" - a tone of anger and aggression",Tone,Tone
"The delicate flowers swayed gently in the breeze, creating a peaceful atmosphere."" - a tone of serenity and calmness",Tone,Tone
"His sarcastic tone was obvious as he rolled his eyes and let out a sarcastic comment."" - a tone of mockery and sarcasm",Tone,Tone
"With trembling hands and a quivering voice, she recounted her harrowing experience."" - a tone of fear and vulnerability",Tone,Tone
"The author's words were filled with optimism and hope, inspiring his readers to believe in a brighter future."" - a tone of positivity and motivation",Tone,Tone
"The somber music playing in the background added to the melancholy tone of the film."" - a tone of sadness and sorrow",Tone,Tone
"Her confident tone and steady gaze commanded attention and respect from those around her."" - a tone of confidence and authority",Tone,Tone
"The harsh reality of the situation was evident in his blunt and straightforward tone."" - a tone of realism and seriousness",Tone,Tone
"With a hint of amusement in his voice, the teacher asked the class a riddle to lighten the mood."" - a tone of playfulness and humor",Tone,Tone
"Her passionate words and fiery tone ignited a sense of determination in her listeners."" - a tone of intensity and emotion.",Tone,Tone
"Positive Tone: ""Everything's going to be okay.",Tone,Tone
"Negative Tone: ""I wish I was never born.",Tone,Tone
"Sarcastic Tone: ""Oh great, just what I needed today.",Tone,Tone
"Serious Tone: ""We need to have a serious discussion about your behavior.",Tone,Tone
"Humorous Tone: ""Life is like a roll of toilet paper, the closer you get to the end, the faster it goes.",Tone,Tone
"Formal Tone: ""It is with great honor and privilege that I accept this award.",Tone,Tone
"Informal Tone: ""Yo, what's up?",Tone,Tone
"Urgent Tone: ""We need to act fast before it's too late.",Tone,Tone
"Suspenseful Tone: ""She slowly reached for the door handle, her heart racing with anticipation.",Tone,Tone
"Melancholy Tone: ""The world seemed to be painted in muted shades of gray, reflecting my inner emptiness.",Tone,Tone
"Sarcastic: ""Oh great, just what I needed - another flat tire on my way to work.",Tone,Tone
"Melancholic: ""The cold, gray sky mirrored the emptiness in her heart.",Tone,Tone
"Humorous: ""I must have been born under a lucky star, because it's still shining bright despite my terrible luck.",Tone,Tone
"Angry: ""I can't believe you broke my favorite mug! Are you trying to ruin my life?",Tone,Tone
"Optimistic: ""Even though it's pouring rain, I know tomorrow will bring bright, sunny skies.",Tone,Tone
"Haunting: ""The ghostly whispers echoed through the abandoned mansion, sending shivers down my spine.",Tone,Tone
"Playful: ""You better catch me if you can, because I'm running away with these cookies and you can't stop me.",Tone,Tone
"Formal: ""I apologize for my tardiness. My road to the event was fraught with unforeseen obstacles.",Tone,Tone
"Nostalgic: ""As I flipped through the old photo album, memories of my childhood flooded back and brought a smile to my face.",Tone,Tone
"Triumphant: ""After years of hard work and determination, I finally achieved my dream and walked across the graduation stage to receive my diploma.",Tone,Tone
"The soft whispers of the birds outside my window brought a sense of tranquility to my restless mind."" (calm and peaceful tone)",Tone,Tone
"The loud, booming voice of the politician echoed through the rally, riling up the crowd."" (authoritarian and assertive tone)",Tone,Tone
"Her sharp words cut through the tense atmosphere like a knife."" (angry and confrontational tone)",Tone,Tone
"As she described the horrific scene, her voice quivered with fear and disgust."" (terrified and disgusted tone)",Tone,Tone
"The light, playful tune of the music brought a smile to my face."" (cheerful and lighthearted tone)",Tone,Tone
"In a cold, monotone voice, he delivered the devastating news."" (emotionless and detached tone)",Tone,Tone
"Her sarcastic remarks added a touch of humor to the conversation."" (sardonic and sarcastic tone)",Tone,Tone
"The nostalgic tone of the old photograph brought back fond memories."" (sentimental and wistful tone)",Tone,Tone
"The eerie silence in the abandoned house sent shivers down my spine."" (unsettling and ominous tone)",Tone,Tone
"The rich aroma of coffee filled the air, inviting me to sit and relax."" (welcoming and cozy tone)",Tone,Tone
"The night was as dark as ink, the silence broken only by faint whispers of the wind. A foreboding sense of dread settled over me, as if even the darkness itself knew of the horrors that lurked in the shadows."" (Menacing tone)",Tone,Tone
"The crisp autumn air, fragrant with the scent of freshly fallen leaves, filled me with a sense of warmth and nostalgia. It was like being wrapped in a cozy blanket of memories."" (Nostalgic tone)",Tone,Tone
"Her voice, soft and gentle like a soothing lullaby, brushed against my ears and warmed my heart. It was like a melody that I never wanted to end."" (Tender tone)",Tone,Tone
"The sun set behind the mountains, casting the sky in shades of pink and orange. The beauty of the moment stole my breath and left me feeling small and insignificant in its magnificence."" (Awe-inspired tone)",Tone,Tone
"The streets were bustling with people, their voices melding together into a chaotic symphony. It was both exhilarating and overwhelming, a pulse of energy that coursed through the city."" (Energetic tone)",Tone,Tone
"The news came like a crushing blow, the words heavy with grief and despair. My heart shattered into a million pieces, and I could feel the tears welling up in my eyes."" (Sorrowful tone)",Tone,Tone
"The party was in full swing, the laughter and music echoing throughout the house. It was a celebration of life, a moment of pure happiness that I never wanted to end."" (Joyful tone)",Tone,Tone
"Her words dripped with venom, each one laced with a potent mix of anger and resentment. She was like a ticking time bomb, ready to explode at any moment."" (Bitter tone)",Tone,Tone
"The smell of freshly cut grass filled the air, and I couldn't resist the urge to kick off my shoes and run barefoot through the meadow. There was a carefree freedom in that moment, a weightless joy."" (Whimsical tone)",Tone,Tone
"The sky was a blank canvas, ready to be painted with the first strokes of the sunrise. As the colors slowly spread, I felt a sense of peace wash over me, as if all was right in the world."" (Serene tone)",Tone,Tone
"I am so grateful for all of your help."" (Grateful tone)",Tone,Tone
"The wind howled through the trees, signaling the impending storm. (Foreboding tone)",Tone,Tone
"Isn't it a lovely day?"" (Cheerful tone)",Tone,Tone
"I really don't care what you think."" (Defiant tone)",Tone,Tone
"I can't believe you did that!"" (Surprised tone)",Tone,Tone
"I will never forget the day I first met you."" (Sentimental tone)",Tone,Tone
"We must take immediate action to solve this crisis."" (Urgent tone)",Tone,Tone
"I'm sorry, I didn't mean to hurt your feelings."" (Apologetic tone)",Tone,Tone
"Life is just full of disappointments."" (Disappointed tone)",Tone,Tone
"I am incredibly excited for our upcoming trip."" (Enthusiastic tone)",Tone,Tone
